{"cached_dttm": "2017-11-05T09:18:37", "is_cached": false, "column_formats": {}, "standalone_endpoint": "/superset/explore/druid/3/?granularity=one+day&flt_eq_0=&new_slice_name=&new_dashboard_name=&druid_time_origin=&goto_dash=false&flt_col_0=&having_col_0=&rdo_save=overwrite&datasource_type=druid&slice_name=DriverViolationsPivotTable&having_eq_0=&groupby=driverName&groupby=eventType&pandas_aggfunc=sum&add_to_dash=false&having_op_0=%3D%3D&flt_op_0=in&collapsed_fieldsets=&force=false&save_to_dashboard_id=&datasource_id=3&metrics=count&viz_type=pivot_table&previous_viz_type=pivot_table&userid=1&until=now&datasource_name=violation-events-cube2&standalone=true&since=7+days+ago", "form_data": {"flt_eq_0": "", "flt_eq_2": "", "druid_time_origin": "", "having_col_2": "", "flt_eq_4": "", "having_op_9": "==", "slice_name": "DriverViolationsPivotTable", "flt_op_8": "in", "slice_id": "", "extra_filters": "", "flt_op_9": "in", "flt_eq_5": "", "having_op_6": "==", "flt_op_3": "in", "having_op_7": "==", "having_op_4": "==", "flt_col_7": "", "force": "false", "having_col_5": "", "since": "7 days ago", "having_eq_7": "", "flt_col_0": "", "having_col_0": "", "having_eq_0": "", "having_eq_4": "", "flt_op_5": "in", "having_op_3": "==", "previous_viz_type": "pivot_table", "json": "", "flt_eq_3": "", "having_eq_9": "", "collapsed_fieldsets": "", "viz_type": "pivot_table", "flt_col_6": "", "flt_eq_8": "", "standalone": "", "having_col_6": "", "having_eq_2": "", "async": "", "having_col_7": "", "flt_op_1": "in", "flt_col_4": "", "pandas_aggfunc": "sum", "groupby": ["driverName", "eventType"], "flt_col_3": "", "having_eq_5": "", "flt_eq_7": "", "having_op_8": "==", "having_eq_8": "", "having_col_8": "", "having_op_1": "==", "having_col_9": "", "flt_col_1": "", "flt_col_8": "", "metrics": ["count"], "having_eq_1": "", "granularity": "one day", "flt_op_7": "in", "having_op_2": "==", "flt_eq_9": "", "having_eq_6": "", "until": "now", "flt_op_4": "in", "flt_op_0": "in", "flt_col_9": "", "having_op_5": "==", "having_op_0": "==", "having_eq_3": "", "flt_op_6": "in", "having_col_1": "", "flt_eq_1": "", "flt_eq_6": "", "having_col_4": "", "columns": [], "flt_col_5": "", "having_col_3": "", "flt_op_2": "in", "flt_col_2": ""}, "cache_timeout": null, "query": "{\n  \"limitSpec\": {\n    \"columns\": [\n      {\n        \"dimension\": \"count\",\n        \"direction\": \"descending\"\n      }\n    ],\n    \"limit\": 5000,\n    \"type\": \"default\"\n  },\n  \"intervals\": \"2017-10-29T09:18:37+00:00/2017-11-05T09:18:37+00:00\",\n  \"dataSource\": \"violation-events-cube2\",\n  \"granularity\": \"all\",\n  \"queryType\": \"groupBy\",\n  \"aggregations\": [\n    {\n      \"name\": \"count\",\n      \"type\": \"count\"\n    }\n  ],\n  \"postAggregations\": [],\n  \"dimensions\": [\n    \"driverName\",\n    \"eventType\"\n  ]\n}", "cache_key": "05004d2f1573abd24fa2dfffe5a25882", "json_endpoint": "/superset/explore_json/druid/3/?granularity=one+day&flt_eq_0=&new_slice_name=&new_dashboard_name=&druid_time_origin=&goto_dash=false&flt_col_0=&having_col_0=&rdo_save=overwrite&datasource_type=druid&slice_name=DriverViolationsPivotTable&having_eq_0=&groupby=driverName&groupby=eventType&pandas_aggfunc=sum&add_to_dash=false&having_op_0=%3D%3D&flt_op_0=in&collapsed_fieldsets=&force=false&save_to_dashboard_id=&datasource_id=3&metrics=count&viz_type=pivot_table&previous_viz_type=pivot_table&userid=1&until=now&datasource_name=violation-events-cube2&since=7+days+ago", "data": "<table border=\"1\" class=\"dataframe dataframe table table-striped table-bordered table-condensed table-hover\">\n  <thead>\n    <tr style=\"text-align: right;\">\n      <th></th>\n      <th></th>\n      <th>count</th>\n    </tr>\n    <tr>\n      <th>driverName</th>\n      <th>eventType</th>\n      <th></th>\n    </tr>\n  </thead>\n  <tbody>\n    <tr>\n      <th rowspan=\"4\" valign=\"top\">Edgar Orendain</th>\n      <th>Lane Departure</th>\n      <td>2511.0</td>\n    </tr>\n    <tr>\n      <th>Speeding</th>\n      <td>3294.0</td>\n    </tr>\n    <tr>\n      <th>Unsafe Follow Distance</th>\n      <td>3899.0</td>\n    </tr>\n    <tr>\n      <th>Unsafe Tail Distance</th>\n      <td>3396.0</td>\n    </tr>\n    <tr>\n      <th rowspan=\"4\" valign=\"top\">George De Leon</th>\n      <th>Lane Departure</th>\n      <td>3288.0</td>\n    </tr>\n    <tr>\n      <th>Speeding</th>\n      <td>4169.0</td>\n    </tr>\n    <tr>\n      <th>Unsafe Follow Distance</th>\n      <td>3609.0</td>\n    </tr>\n    <tr>\n      <th>Unsafe Tail Distance</th>\n      <td>3852.0</td>\n    </tr>\n    <tr>\n      <th rowspan=\"4\" valign=\"top\">James Medel</th>\n      <th>Lane Departure</th>\n      <td>1459.0</td>\n    </tr>\n    <tr>\n      <th>Speeding</th>\n      <td>942.0</td>\n    </tr>\n    <tr>\n      <th>Unsafe Follow Distance</th>\n      <td>1151.0</td>\n    </tr>\n    <tr>\n      <th>Unsafe Tail Distance</th>\n      <td>1270.0</td>\n    </tr>\n    <tr>\n      <th rowspan=\"4\" valign=\"top\">Lisa Sensmeier</th>\n      <th>Lane Departure</th>\n      <td>148.0</td>\n    </tr>\n    <tr>\n      <th>Speeding</th>\n      <td>84.0</td>\n    </tr>\n    <tr>\n      <th>Unsafe Follow Distance</th>\n      <td>147.0</td>\n    </tr>\n    <tr>\n      <th>Unsafe Tail Distance</th>\n      <td>13.0</td>\n    </tr>\n    <tr>\n      <th rowspan=\"4\" valign=\"top\">Oksana Walton</th>\n      <th>Lane Departure</th>\n      <td>1328.0</td>\n    </tr>\n    <tr>\n      <th>Speeding</th>\n      <td>1103.0</td>\n    </tr>\n    <tr>\n      <th>Unsafe Follow Distance</th>\n      <td>1083.0</td>\n    </tr>\n    <tr>\n      <th>Unsafe Tail Distance</th>\n      <td>1998.0</td>\n    </tr>\n    <tr>\n      <th rowspan=\"4\" valign=\"top\">Rafael Coss</th>\n      <th>Lane Departure</th>\n      <td>4147.0</td>\n    </tr>\n    <tr>\n      <th>Speeding</th>\n      <td>4939.0</td>\n    </tr>\n    <tr>\n      <th>Unsafe Follow Distance</th>\n      <td>3918.0</td>\n    </tr>\n    <tr>\n      <th>Unsafe Tail Distance</th>\n      <td>4650.0</td>\n    </tr>\n    <tr>\n      <th rowspan=\"4\" valign=\"top\">Robert Hryniewicz</th>\n      <th>Lane Departure</th>\n      <td>186.0</td>\n    </tr>\n    <tr>\n      <th>Speeding</th>\n      <td>42.0</td>\n    </tr>\n    <tr>\n      <th>Unsafe Follow Distance</th>\n      <td>132.0</td>\n    </tr>\n    <tr>\n      <th>Unsafe Tail Distance</th>\n      <td>33.0</td>\n    </tr>\n    <tr>\n      <th rowspan=\"4\" valign=\"top\">Robert Molina</th>\n      <th>Lane Departure</th>\n      <td>27.0</td>\n    </tr>\n    <tr>\n      <th>Speeding</th>\n      <td>30.0</td>\n    </tr>\n    <tr>\n      <th>Unsafe Follow Distance</th>\n      <td>118.0</td>\n    </tr>\n    <tr>\n      <th>Unsafe Tail Distance</th>\n      <td>20.0</td>\n    </tr>\n    <tr>\n      <th>All</th>\n      <th></th>\n      <td>56986.0</td>\n    </tr>\n  </tbody>\n</table>", "csv_endpoint": "/superset/explore/druid/3/?csv=true&flt_eq_0=&new_slice_name=&new_dashboard_name=&druid_time_origin=&flt_col_0=&goto_dash=false&having_col_0=&rdo_save=overwrite&datasource_type=druid&slice_name=DriverViolationsPivotTable&having_eq_0=&groupby=driverName&groupby=eventType&pandas_aggfunc=sum&add_to_dash=false&granularity=one+day&having_op_0=%3D%3D&flt_op_0=in&collapsed_fieldsets=&force=false&save_to_dashboard_id=&datasource_id=3&metrics=count&viz_type=pivot_table&previous_viz_type=pivot_table&userid=1&until=now&datasource_name=violation-events-cube2&since=7+days+ago"}