{"cached_dttm": "2017-11-04T02:02:14", "is_cached": false, "column_formats": {}, "standalone_endpoint": "/superset/explore/druid/3/?since=7+days+ago&userid=1&granularity=one+day&flt_eq_0=&new_slice_name=&new_dashboard_name=&druid_time_origin=&goto_dash=false&flt_col_0=&having_col_0=&groupby=driverName&groupby=eventType&datasource_type=druid&slice_name=DriverViolationsSunburst&having_eq_0=&rdo_save=overwrite&previous_viz_type=sunburst&add_to_dash=false&having_op_0=%3D%3D&flt_op_0=in&collapsed_fieldsets=&force=false&save_to_dashboard_id=&metric=count&secondary_metric=count&viz_type=sunburst&until=now&row_limit=5000&datasource_name=violation-events-cube2&standalone=true&datasource_id=3", "form_data": {"flt_eq_0": "", "flt_eq_2": "", "druid_time_origin": "", "having_col_2": "", "flt_eq_4": "", "having_op_9": "==", "flt_col_6": "", "flt_op_8": "in", "slice_id": "", "extra_filters": "", "flt_op_9": "in", "flt_eq_5": "", "having_op_6": "==", "flt_op_3": "in", "having_op_5": "==", "having_op_4": "==", "flt_col_7": "", "force": "false", "having_col_5": "", "row_limit": "5000", "since": "7 days ago", "having_eq_7": "", "flt_col_0": "", "having_col_0": "", "having_eq_0": "", "having_eq_4": "", "flt_op_5": "in", "having_op_3": "==", "previous_viz_type": "sunburst", "collapsed_fieldsets": "", "flt_eq_3": "", "having_eq_9": "", "json": "", "viz_type": "sunburst", "slice_name": "DriverViolationsSunburst", "flt_eq_8": "", "secondary_metric": "count", "standalone": "", "having_col_6": "", "having_eq_2": "", "async": "", "having_col_7": "", "flt_op_1": "in", "flt_col_4": "", "flt_col_3": "", "groupby": ["driverName", "eventType"], "having_op_8": "==", "having_eq_5": "", "flt_eq_7": "", "having_eq_8": "", "having_col_8": "", "having_op_1": "==", "having_col_9": "", "flt_col_1": "", "flt_col_8": "", "metric": "count", "having_eq_1": "", "granularity": "one day", "flt_op_7": "in", "having_op_2": "==", "flt_eq_9": "", "having_eq_6": "", "until": "now", "flt_op_4": "in", "flt_op_0": "in", "flt_col_9": "", "having_op_7": "==", "having_op_0": "==", "having_eq_3": "", "flt_op_6": "in", "having_col_1": "", "flt_eq_1": "", "flt_eq_6": "", "having_col_4": "", "flt_col_5": "", "having_col_3": "", "flt_op_2": "in", "flt_col_2": ""}, "cache_timeout": null, "query": "{\n  \"limitSpec\": {\n    \"columns\": [\n      {\n        \"dimension\": \"count\",\n        \"direction\": \"descending\"\n      }\n    ],\n    \"limit\": 5000,\n    \"type\": \"default\"\n  },\n  \"intervals\": \"2017-10-28T02:02:14+00:00/2017-11-04T02:02:14+00:00\",\n  \"dataSource\": \"violation-events-cube2\",\n  \"granularity\": \"all\",\n  \"queryType\": \"groupBy\",\n  \"aggregations\": [\n    {\n      \"name\": \"count\",\n      \"type\": \"count\"\n    }\n  ],\n  \"postAggregations\": [],\n  \"dimensions\": [\n    \"driverName\",\n    \"eventType\"\n  ]\n}", "cache_key": "5d1854f2b2dbd6b614650f1ba8a9afa2", "json_endpoint": "/superset/explore_json/druid/3/?since=7+days+ago&userid=1&granularity=one+day&flt_eq_0=&new_slice_name=&new_dashboard_name=&druid_time_origin=&goto_dash=false&flt_col_0=&having_col_0=&groupby=driverName&groupby=eventType&datasource_type=druid&slice_name=DriverViolationsSunburst&having_eq_0=&rdo_save=overwrite&previous_viz_type=sunburst&add_to_dash=false&having_op_0=%3D%3D&flt_op_0=in&collapsed_fieldsets=&force=false&save_to_dashboard_id=&metric=count&secondary_metric=count&viz_type=sunburst&until=now&row_limit=5000&datasource_name=violation-events-cube2&datasource_id=3", "data": [["Rafael Coss", "Speeding", 4939, 4939], ["Rafael Coss", "Unsafe Tail Distance", 4650, 4650], ["George De Leon", "Speeding", 4169, 4169], ["Rafael Coss", "Lane Departure", 4147, 4147], ["Rafael Coss", "Unsafe Follow Distance", 3918, 3918], ["Edgar Orendain", "Unsafe Follow Distance", 3899, 3899], ["George De Leon", "Unsafe Tail Distance", 3852, 3852], ["George De Leon", "Unsafe Follow Distance", 3609, 3609], ["Edgar Orendain", "Unsafe Tail Distance", 3396, 3396], ["Edgar Orendain", "Speeding", 3294, 3294], ["George De Leon", "Lane Departure", 3288, 3288], ["Edgar Orendain", "Lane Departure", 2511, 2511], ["Oksana Walton", "Unsafe Tail Distance", 1998, 1998], ["James Medel", "Lane Departure", 1459, 1459], ["Oksana Walton", "Lane Departure", 1328, 1328], ["James Medel", "Unsafe Tail Distance", 1270, 1270], ["James Medel", "Unsafe Follow Distance", 1151, 1151], ["Oksana Walton", "Speeding", 1103, 1103], ["Oksana Walton", "Unsafe Follow Distance", 1083, 1083], ["James Medel", "Speeding", 942, 942], ["Robert Hryniewicz", "Lane Departure", 186, 186], ["Lisa Sensmeier", "Lane Departure", 148, 148], ["Lisa Sensmeier", "Unsafe Follow Distance", 147, 147], ["Robert Hryniewicz", "Unsafe Follow Distance", 132, 132], ["Robert Molina", "Unsafe Follow Distance", 118, 118], ["Lisa Sensmeier", "Speeding", 84, 84], ["Robert Hryniewicz", "Speeding", 42, 42], ["Robert Hryniewicz", "Unsafe Tail Distance", 33, 33], ["Robert Molina", "Speeding", 30, 30], ["Robert Molina", "Lane Departure", 27, 27], ["Robert Molina", "Unsafe Tail Distance", 20, 20], ["Lisa Sensmeier", "Unsafe Tail Distance", 13, 13]], "csv_endpoint": "/superset/explore/druid/3/?since=7+days+ago&userid=1&csv=true&flt_eq_0=&new_slice_name=&new_dashboard_name=&druid_time_origin=&flt_col_0=&goto_dash=false&having_col_0=&rdo_save=overwrite&datasource_type=druid&slice_name=DriverViolationsSunburst&having_eq_0=&groupby=driverName&groupby=eventType&previous_viz_type=sunburst&add_to_dash=false&granularity=one+day&having_op_0=%3D%3D&flt_op_0=in&collapsed_fieldsets=&force=false&save_to_dashboard_id=&metric=count&secondary_metric=count&viz_type=sunburst&until=now&row_limit=5000&datasource_name=violation-events-cube2&datasource_id=3"}